Date,Commits
2012-01,3
2007-08,26
2007-09,51
2007-06,40
2007-07,26
2007-04,13
2007-05,22
2007-02,10
2007-03,30
2008-12,2
2007-01,13
2008-10,2
2012-04,0
2008-11,5
2012-05,0
2012-02,0
2012-03,0
2012-08,0
2012-09,0
2012-06,1
2012-07,0
2010-10,0
2006-08,9
2006-07,20
2006-09,4
2006-04,8
2006-03,20
2006-06,22
2006-05,20
2006-02,24
2007-11,18
2006-01,33
2007-12,16
2010-12,0
2007-10,58
2010-11,0
2011-11,0
2011-10,0
2005-07,1
2005-09,30
2005-08,2
2009-09,2
2010-09,0
2009-08,1
2010-08,0
2009-07,0
2009-06,0
2006-11,4
2009-05,2
2006-10,7
2009-04,1
2009-03,0
2006-12,3
2009-02,0
2009-01,0
2010-01,0
2011-12,0
2010-03,0
2010-02,0
2010-05,0
2010-04,0
2010-07,1
2010-06,0
2008-09,4
2008-07,4
2008-08,9
2011-09,0
2008-05,6
2008-06,6
2005-10,14
2008-03,59
2008-04,74
2005-12,27
2008-01,18
2005-11,19
2008-02,37
2009-12,0
2011-02,0
2009-11,0
2011-01,0
2009-10,0
2011-04,0
2011-03,0
2011-06,0
2011-05,0
2011-08,0
2011-07,0
